{"cars": [{"make": "Toyota", "model": "Prius C", "mileage": {"mpg(city)": 48, "mpg(hwy)": 43}, "year": 2017}, {"make": "Pontiac", "model": "Bonneville", "mileage": {"mpg(city)": 16, "mpg(hwy)": 26}, "year": 1997}, {"make": "Maserati", "model": "Spider", "mileage": {"mpg(city)": 10, "mpg(hwy)": 16}, "year": 2014}], "dealer": {"address": "<address class=\"addressReset\"> <span rel=\"v:address\"> <span dir=\"ltr\"><span class=\"street-address\" property=\"v:street-address\">77 Industry Way</span>, <span class=\"locality\"><span property=\"v:locality\">Atlanta</span>, <span property=\"v:region\">GA</span> <span property=\"v:postal-code\">30301-2530</span></span> </span> </span> </address>", "name": "Buy Here, Buy Now"}}