{"cars": [{"make": "Volkswagen", "model": "Eos", "mileage": {"mpg(city)": 21, "mpg(hwy)": 31}, "year": 2017}, {"make": "Chrysler", "model": "Sebring", "mileage": {"mpg(city)": 18, "mpg(hwy)": 25}, "year": 1997}], "dealer": {"address": "<address class=\"addressReset\"> <span rel=\"v:address\"> <span dir=\"ltr\"><span class=\"street-address\" property=\"v:street-address\">123 Main Street</span>, <span class=\"locality\"><span property=\"v:locality\">Seattle</span>, <span property=\"v:region\">WA</span> <span property=\"v:postal-code\">11111-1234</span></span> </span> </span> </address>", "name": "Cars R Us"}}